Date,Open,High,Low,Close,Volume
3/03/2015 16:00,5.61,5.64,5.53,5.55,4008638
3/04/2015 16:00,5.53,5.62,5.5,5.61,5670997
3/05/2015 16:00,5.61,5.73,5.59,5.72,8076425
3/06/2015 16:00,5.68,5.71,5.63,5.64,6434807
3/09/2015 16:00,5.64,5.7,5.63,5.65,5559693
3/10/2015 16:00,5.68,5.79,5.67,5.75,13180267
3/11/2015 16:00,5.75,5.83,5.7,5.72,6552965
3/12/2015 16:00,5.66,5.71,5.56,5.67,10174260
3/13/2015 16:00:00,5.64,5.69,5.56,5.68,8982188
3/16/2015 16:00:00,5.72,5.78,5.68,5.74,5923864
3/17/2015 16:00:00,5.73,5.82,5.69,5.81,7498556
3/18/2015 16:00:00,5.82,5.84,5.67,5.72,10346084
3/19/2015 16:00:00,5.74,5.83,5.7,5.8,7768859
3/20/2015 16:00:00,5.86,5.9,5.8,5.87,11552119
3/23/2015 16:00:00,5.69,5.77,5.68,5.68,10650277
3/24/2015 16:00:00,5.66,5.7,5.58,5.6,8262025
3/25/2015 16:00:00,5.59,5.6,5.24,5.26,13563840
3/26/2015 16:00:00,5.15,5.26,5.12,5.24,7797997
3/27/2015 16:00:00,5.25,5.37,5.19,5.35,7957152
3/30/2015 16:00:00,5.37,5.4,5.3,5.37,6331256
3/31/2015 16:00:00,5.35,5.36,5.23,5.23,8931942
4/01/2015 16:00,5.25,5.27,5.16,5.25,8269223
4/02/2015 16:00,5.29,5.3,5.22,5.27,4805086
4/06/2015 16:00,5.24,5.44,5.19,5.42,12896584
4/07/2015 16:00,5.42,5.53,5.39,5.47,10349069
4/08/2015 16:00,5.47,5.53,5.42,5.51,9160786
4/09/2015 16:00,5.47,5.65,5.46,5.63,9485827
4/10/2015 16:00,5.65,5.69,5.62,5.69,6468219
4/13/2015 16:00:00,5.67,5.71,5.61,5.64,5918106
4/14/2015 16:00:00,5.61,5.64,5.54,5.59,5506852
4/15/2015 16:00:00,5.6,5.7,5.58,5.66,6088960
4/16/2015 16:00:00,5.63,5.67,5.58,5.62,3882058
4/17/2015 16:00:00,5.52,5.61,5.5,5.55,7340917
4/20/2015 16:00:00,5.57,5.61,5.51,5.52,5790646
4/21/2015 16:00:00,5.55,5.59,5.49,5.51,5761365
4/22/2015 16:00:00,5.55,5.59,5.46,5.58,5185481
4/23/2015 16:00:00,5.47,5.61,5.41,5.56,6484469
4/24/2015 16:00:00,5.56,5.56,5.45,5.51,6023972
4/27/2015 16:00:00,5.54,5.65,5.48,5.55,6211356
4/28/2015 16:00:00,5.54,5.6,5.49,5.58,5862106
4/29/2015 16:00:00,5.54,5.59,5.51,5.54,4878919
4/30/2015 16:00:00,5.51,5.58,5.5,5.55,5471083
5/01/2015 16:00,5.6,5.71,5.57,5.69,6424185
5/04/2015 16:00,5.68,5.72,5.64,5.65,5018024
5/05/2015 16:00,5.63,5.64,5.48,5.51,7323195
5/06/2015 16:00,5.54,5.59,5.45,5.53,7912111
5/07/2015 16:00,5.5,5.64,5.49,5.62,13364077
5/08/2015 16:00,5.25,5.46,5.12,5.21,28663778
5/11/2015 16:00,5.14,5.21,5.1,5.16,13603644
5/12/2015 16:00,5.12,5.25,5.12,5.21,9719994
5/13/2015 16:00:00,5.25,5.29,5.19,5.24,7713070
5/14/2015 16:00:00,5.25,5.35,5.24,5.32,7326280
5/15/2015 16:00:00,5.35,5.37,5.29,5.33,5395619
5/18/2015 16:00:00,5.31,5.35,5.29,5.32,8124292
5/19/2015 16:00:00,5.3,5.32,5.25,5.26,6345222
5/20/2015 16:00:00,5.26,5.33,5.26,5.26,4920581
5/21/2015 16:00:00,5.27,5.29,5.22,5.22,5992250
5/22/2015 16:00:00,5.23,5.25,5.2,5.22,5315282
5/26/2015 16:00:00,5.23,5.23,5.14,5.18,6493277
5/27/2015 16:00:00,5.22,5.48,5.2,5.46,10808271
5/28/2015 16:00:00,5.45,5.55,5.45,5.54,8191431
5/29/2015 16:00:00,5.54,5.57,5.53,5.53,8379244
6/01/2015 16:00,5.57,5.65,5.53,5.6,9316504
6/02/2015 16:00,5.57,5.59,5.48,5.48,5607582
6/03/2015 16:00,5.49,5.54,5.42,5.43,6269692
6/04/2015 16:00,5.44,5.54,5.39,5.52,8092765
6/05/2015 16:00,5.51,5.59,5.45,5.57,7833001
6/08/2015 16:00,5.55,5.59,5.38,5.44,8570301
6/09/2015 16:00,5.45,5.51,5.43,5.47,6422222
6/10/2015 16:00,5.41,5.44,5.34,5.37,13236526
6/11/2015 16:00,5.37,5.46,5.37,5.43,7076296
6/12/2015 16:00,5.39,5.42,5.27,5.28,8093164
6/15/2015 16:00:00,5.25,5.29,5.21,5.27,7663673
6/16/2015 16:00:00,5.25,5.34,5.21,5.33,6422253
6/17/2015 16:00:00,5.33,5.43,5.32,5.4,5838648
6/18/2015 16:00:00,5.44,5.52,5.43,5.49,7485090
6/19/2015 16:00:00,5.49,5.53,5.42,5.47,8891427
6/22/2015 16:00:00,5.48,5.51,5.36,5.44,12855929
6/23/2015 16:00:00,5.45,5.5,5.26,5.31,10351627
6/24/2015 16:00:00,5.29,5.33,5.23,5.25,6334204
6/25/2015 16:00:00,5.25,5.33,5.25,5.29,8761548
6/26/2015 16:00:00,5.25,5.29,5.16,5.19,10532373
6/29/2015 16:00:00,5.12,5.18,5.02,5.03,9793096
6/30/2015 16:00:00,5.06,5.08,4.99,5.03,7897857
7/01/2015 16:00,5.15,5.23,5.06,5.1,7573001
7/02/2015 16:00,5.1,5.14,5.07,5.11,3644115
7/06/2015 16:00,5.06,5.13,5,5.04,5369413
7/07/2015 16:00,5.01,5.03,4.79,4.95,14856327
7/08/2015 16:00,4.92,4.95,4.87,4.91,8312287
7/09/2015 16:00,4.99,5.01,4.82,4.85,8939745
7/10/2015 16:00,4.92,4.98,4.9,4.94,5417717
7/13/2015 16:00:00,4.99,5,4.94,4.97,5311791
7/14/2015 16:00:00,4.98,4.98,4.91,4.97,6230429
7/15/2015 16:00:00,4.96,4.99,4.89,4.94,6643348
7/16/2015 16:00:00,4.97,5.05,4.95,5.05,7072291
7/17/2015 16:00:00,5.03,5.04,4.95,5.02,5509308
7/20/2015 16:00:00,5.02,5.04,4.91,4.93,4710259
7/21/2015 16:00:00,4.92,5.02,4.92,4.95,3743010
7/22/2015 16:00:00,4.91,4.91,4.79,4.85,8911819
7/23/2015 16:00:00,4.86,4.99,4.85,4.91,4247872
7/24/2015 16:00:00,4.95,4.95,4.84,4.86,4721099
7/27/2015 16:00:00,4.81,4.88,4.77,4.83,4810520
7/28/2015 16:00:00,4.84,4.97,4.79,4.93,4957733
7/29/2015 16:00:00,4.92,5.03,4.9,4.99,5817033
7/30/2015 16:00:00,4.98,5.06,4.98,5.01,4754479
7/31/2015 16:00:00,5.03,5.03,4.96,4.99,5459211
8/03/2015 16:00,5.03,5.08,4.96,5.07,9928278
8/04/2015 16:00,5.06,5.11,5.04,5.09,6502514
8/05/2015 16:00,5.22,5.22,5.13,5.15,5865652
8/06/2015 16:00,5.13,5.17,5.03,5.11,16391890
8/07/2015 16:00,5.62,5.84,5.47,5.75,35131171
8/10/2015 16:00,5.71,5.99,5.67,5.95,16557636
8/11/2015 16:00,5.86,5.97,5.86,5.92,10875209
8/12/2015 16:00,5.82,5.97,5.82,5.93,9602012
8/13/2015 16:00:00,5.94,5.95,5.87,5.88,6922146
8/14/2015 16:00:00,5.88,5.92,5.84,5.89,5366261
8/17/2015 16:00:00,5.88,5.88,5.78,5.85,6846973
8/18/2015 16:00:00,5.81,5.85,5.73,5.77,7177055
8/19/2015 16:00:00,5.76,5.83,5.69,5.75,6231842
8/20/2015 16:00:00,5.68,5.71,5.51,5.54,10673329
8/21/2015 16:00:00,5.5,5.59,5.36,5.37,9566639
8/24/2015 16:00:00,5.07,5.46,5,5.18,17057073
8/25/2015 16:00:00,5.41,5.43,5.07,5.07,15567110
8/26/2015 16:00:00,5.24,5.46,5.2,5.45,15374439
8/27/2015 16:00:00,5.51,5.66,5.48,5.66,11594083
8/28/2015 16:00:00,5.66,5.72,5.62,5.68,8023632
8/31/2015 16:00:00,5.66,5.7,5.6,5.62,5483810
9/01/2015 16:00,5.46,5.55,5.35,5.39,8835220
9/02/2015 16:00,5.54,5.56,5.45,5.55,8601065
9/03/2015 16:00,5.64,5.66,5.56,5.57,6563938
9/04/2015 16:00,5.47,5.56,5.44,5.44,7200245
9/08/2015 16:00,5.57,5.69,5.55,5.67,5961218
9/09/2015 16:00,5.69,5.74,5.55,5.56,7234849
9/10/2015 16:00,5.53,5.72,5.5,5.65,8926896
9/11/2015 16:00,5.58,5.7,5.56,5.66,7539608
9/14/2015 16:00:00,5.69,5.71,5.64,5.67,4811636
9/15/2015 16:00:00,5.68,5.77,5.66,5.74,8199412
9/16/2015 16:00:00,5.73,5.81,5.68,5.78,4337684
9/17/2015 16:00:00,5.88,5.93,5.82,5.83,6717769
9/18/2015 16:00:00,5.75,5.87,5.71,5.82,8160255
9/21/2015 16:00:00,5.83,5.9,5.8,5.88,7046616
9/22/2015 16:00:00,5.76,5.8,5.69,5.72,5708923
9/23/2015 16:00:00,5.73,5.79,5.71,5.75,4040849
9/24/2015 16:00:00,5.72,5.92,5.63,5.86,9561031
9/25/2015 16:00:00,5.93,6.02,5.85,5.9,9242268
9/28/2015 16:00:00,5.9,5.94,5.79,5.83,9889576
9/29/2015 16:00:00,5.89,5.94,5.81,5.93,9518373
9/30/2015 16:00:00,5.98,6.17,5.95,6.16,13909541
10/01/2015 16:00,6.16,6.18,5.87,6.04,12232427
10/02/2015 16:00,6.01,6.2,5.95,6.2,9653639
10/05/2015 16:00,6.24,6.43,6.21,6.36,12050571
10/06/2015 16:00,6.29,6.47,6.26,6.44,11360526
10/07/2015 16:00,6.45,6.57,6.35,6.51,7753799
10/08/2015 16:00,6.48,6.56,6.37,6.54,11501741
10/09/2015 16:00,6.51,6.57,6.4,6.52,10581210
10/12/2015 16:00,6.53,6.63,6.48,6.59,5689727
10/13/2015 16:00:00,6.54,6.64,6.51,6.6,7461071
10/14/2015 16:00:00,6.61,6.95,6.6,6.84,15304756
10/15/2015 16:00:00,6.85,7,6.78,6.86,13151151
10/16/2015 16:00:00,6.88,7.03,6.86,6.97,11209897
10/19/2015 16:00:00,6.99,7.02,6.87,6.95,7367780
10/20/2015 16:00:00,6.92,6.98,6.87,6.94,6620614
10/21/2015 16:00:00,6.99,7.03,6.84,6.85,9667049
10/22/2015 16:00:00,6.93,7.12,6.92,7.1,7672091
10/23/2015 16:00:00,7.16,7.2,7.06,7.15,9544357
10/26/2015 16:00:00,7.15,7.17,7.05,7.12,6185935
10/27/2015 16:00:00,7.08,7.15,7.08,7.11,5206678
10/28/2015 16:00:00,7.16,7.17,7.05,7.17,5425852
10/29/2015 16:00:00,7.05,7.13,6.91,6.92,8179177
10/30/2015 16:00:00,7,7.14,6.94,7.09,7528965
11/02/2015 16:00,7.12,7.18,7.07,7.18,4752197
11/03/2015 16:00,7.13,7.17,7.05,7.13,9419230
11/04/2015 16:00,7.11,7.16,6.98,7.01,11056571
11/05/2015 16:00,7.04,7.06,6.91,6.93,11969974
11/06/2015 16:00,7.61,7.99,7.46,7.89,29306777
11/09/2015 16:00,7.81,7.88,7.74,7.85,12314225
11/10/2015 16:00,7.75,7.79,7.54,7.7,13806497
11/11/2015 16:00,7.71,7.76,7.6,7.63,15503157
11/12/2015 16:00,7.61,7.68,7.57,7.6,7277017
11/13/2015 16:00:00,7.61,7.64,7.41,7.45,7323501
11/16/2015 16:00:00,7.55,7.61,7.49,7.6,8607008
11/17/2015 16:00:00,7.62,7.67,7.57,7.6,6426235
11/18/2015 16:00:00,7.6,7.77,7.52,7.76,8755358
11/19/2015 16:00:00,7.79,7.86,7.72,7.78,6351803
11/20/2015 16:00:00,7.84,7.89,7.79,7.85,5993587
11/23/2015 16:00:00,7.91,7.91,7.7,7.73,6063751
11/24/2015 16:00:00,7.73,7.86,7.7,7.79,4885692
11/25/2015 16:00:00,7.78,7.87,7.76,7.78,3457476
11/27/2015 16:00:00,7.8,7.87,7.76,7.85,2175202
11/30/2015 16:00:00,7.86,7.97,7.85,7.93,8181080
12/01/2015 16:00,8,8.2,7.99,8.19,10237433
12/02/2015 16:00,8.2,8.29,8.11,8.13,7356004
12/03/2015 16:00,8.19,8.28,8.07,8.11,6166405
12/04/2015 16:00,8.11,8.45,8.11,8.44,11468924
12/07/2015 16:00,8.44,8.44,8.25,8.28,8339679
12/08/2015 16:00,8.18,8.43,8.12,8.39,7862233
12/09/2015 16:00,8.39,8.44,8.09,8.18,9316871
12/10/2015 16:00,8.2,8.29,8.18,8.24,5914923
12/11/2015 16:00,8.16,8.22,8.11,8.12,5683038
12/14/2015 16:00:00,8.13,8.19,8.05,8.14,6908645
12/15/2015 16:00:00,8.24,8.3,8.19,8.24,7682354
12/16/2015 16:00:00,8.26,8.32,8.19,8.29,5908874
12/17/2015 16:00:00,8.31,8.39,8.16,8.17,6354044
12/18/2015 16:00:00,8.11,8.19,8.03,8.04,9897424
12/21/2015 16:00:00,8.12,8.23,8.05,8.22,7105373
12/22/2015 16:00:00,8.25,8.32,8.18,8.23,3250269
12/23/2015 16:00:00,8.24,8.3,8.23,8.26,3063139
12/24/2015 16:00:00,8.24,8.31,8.23,8.29,1311231
12/28/2015 16:00:00,8.21,8.29,8.09,8.29,3550703
12/29/2015 16:00:00,8.29,8.45,8.27,8.42,5091512
12/30/2015 16:00:00,8.41,8.49,8.35,8.35,4508570
12/31/2015 16:00:00,8.34,8.37,8.24,8.24,3713202
1/04/2016 16:00,8.07,8.15,8.01,8.09,8951907
1/05/2016 16:00,8.24,8.36,8.13,8.22,12256814
1/06/2016 16:00,8.09,8.13,7.79,7.88,11233604
1/07/2016 16:00,7.69,7.74,7.47,7.57,16132575
1/08/2016 16:00,7.67,7.68,7.39,7.41,9961782
1/11/2016 16:00,7.42,7.47,7.29,7.42,10235095
1/12/2016 16:00,7.55,7.66,7.49,7.55,11733893
1/13/2016 16:00:00,7.6,7.65,7.31,7.32,12041762
1/14/2016 16:00:00,7.17,7.25,6.96,7.17,15005864
1/15/2016 16:00:00,6.88,6.96,6.66,6.78,21036303
1/19/2016 16:00:00,6.92,7.11,6.8,6.83,11428537
1/20/2016 16:00:00,6.7,6.96,6.61,6.87,12029457
1/21/2016 16:00:00,6.95,7.06,6.8,6.95,12036422
1/22/2016 16:00:00,7.08,7.16,7.07,7.11,6450312
1/25/2016 16:00:00,7.11,7.19,7.09,7.11,6768203
1/26/2016 16:00:00,7.12,7.21,7.05,7.18,5699182
1/27/2016 16:00:00,7.17,7.19,6.95,7.09,5792528
1/28/2016 16:00:00,7.15,7.17,6.88,7.01,6919451
1/29/2016 16:00:00,7.07,7.34,7.05,7.32,7762622
2/01/2016 16:00,7.32,7.36,7.25,7.33,7247099
2/02/2016 16:00,7.25,7.29,6.97,7.02,8547710
2/03/2016 16:00,7.07,7.11,6.89,7.05,8169351
2/04/2016 16:00,7.06,7.21,6.98,7.05,8703450
2/05/2016 16:00,7.01,7.08,6.59,6.61,15010685
2/08/2016 16:00,6.51,6.54,6.21,6.31,15221320
2/09/2016 16:00,6.23,6.64,6.2,6.37,10634314
2/10/2016 16:00,6.41,6.6,6.32,6.36,8394980
2/11/2016 16:00,6.2,6.39,6.2,6.33,8503635
2/12/2016 16:00,6.43,6.45,6.19,6.43,8520367
2/16/2016 16:00:00,6.53,6.76,6.51,6.75,12133795
2/17/2016 16:00:00,6.83,6.98,6.81,6.92,19286666
2/18/2016 16:00:00,7.48,7.74,7.48,7.51,26716489
2/19/2016 16:00:00,7.47,7.68,7.41,7.61,13140732
2/22/2016 16:00:00,7.72,7.97,7.71,7.88,11241697
2/23/2016 16:00:00,7.82,7.98,7.78,7.9,9234450
2/24/2016 16:00:00,7.87,7.97,7.65,7.96,8421336
2/25/2016 16:00:00,7.99,8.01,7.83,7.97,8740367
2/26/2016 16:00:00,8.01,8.03,7.84,7.92,9049073
2/29/2016 16:00:00,7.9,8.01,7.84,7.84,8083618
3/01/2016 16:00,7.86,8.19,7.85,8.19,8717512
3/02/2016 16:00,8.14,8.27,8.13,8.24,5845933
3/03/2016 16:00,8.23,8.26,8.05,8.16,7550088
3/04/2016 16:00,8.23,8.23,8.07,8.14,4382634
3/07/2016 16:00,8.09,8.15,7.98,8.09,6005495
3/08/2016 16:00,8,8.05,7.91,7.94,6873478
3/09/2016 16:00,8.01,8.02,7.83,7.93,5569737
3/10/2016 16:00,7.98,8.03,7.76,7.92,7152137
3/11/2016 16:00,8.04,8.06,7.94,8.06,6934986
3/14/2016 16:00:00,8.02,8.11,7.98,8.07,4757868
3/15/2016 16:00:00,8.03,8.09,7.89,8.04,5655420
3/16/2016 16:00:00,7.98,8.3,7.94,8.28,9091068
3/17/2016 16:00:00,8.24,8.29,8.09,8.21,3014629
3/18/2016 16:00:00,8.3,8.56,8.25,8.45,13637802
3/21/2016 16:00:00,8.38,8.48,8.29,8.48,8444539
3/22/2016 16:00:00,8.45,8.52,8.36,8.46,6050266
3/23/2016 16:00:00,8.5,8.67,8.46,8.61,10725171
3/24/2016 16:00:00,8.53,8.64,8.5,8.62,6123854
3/28/2016 16:00:00,8.61,8.74,8.6,8.71,6634700
3/29/2016 16:00:00,8.67,8.87,8.65,8.85,6545266
3/30/2016 16:00:00,8.88,9.06,8.88,8.94,9417474
3/31/2016 16:00:00,8.98,9,8.84,8.91,9497052
4/01/2016 16:00,8.85,9.04,8.79,9.04,8707319
4/04/2016 16:00,9.11,9.16,8.91,8.95,9848551
4/05/2016 16:00,8.87,9.02,8.84,8.94,8489215
4/06/2016 16:00,8.82,8.96,8.66,8.95,11334379
4/07/2016 16:00,8.89,8.97,8.82,8.86,9452644
4/08/2016 16:00,8.93,8.99,8.83,8.91,6398373
4/11/2016 16:00,8.97,9.12,8.94,8.97,9688098
4/12/2016 16:00,9,9.01,8.79,8.96,7319077
4/13/2016 16:00:00,9,9.19,9,9.19,8767861
4/14/2016 16:00:00,9.16,9.25,9.12,9.21,10414131
4/15/2016 16:00:00,9.21,9.37,9.18,9.28,10924273
4/18/2016 16:00:00,9.27,9.27,9.15,9.24,7683044
4/19/2016 16:00:00,9.28,9.3,9.02,9.08,7728777
4/20/2016 16:00:00,9.06,9.17,9.05,9.11,5004434
4/21/2016 16:00:00,9.12,9.16,9.06,9.1,4456989
4/22/2016 16:00:00,9.13,9.2,9.04,9.07,5588539
4/25/2016 16:00:00,9.07,9.16,9.05,9.11,4799765
4/26/2016 16:00:00,9.17,9.27,9.08,9.12,5363364
4/27/2016 16:00:00,9.1,9.33,9.08,9.33,8809858
4/28/2016 16:00:00,9.27,9.32,9.03,9.05,9530551
4/29/2016 16:00:00,9.01,9.03,8.79,8.88,8047562
5/02/2016 16:00,8.97,9.06,8.93,9,6401920
5/03/2016 16:00,8.9,8.94,8.82,8.89,5600585
5/04/2016 16:00,8.79,8.79,8.6,8.69,13144065
5/05/2016 16:00,8.76,8.85,8.68,8.74,6172113
5/06/2016 16:00,8.73,8.86,8.71,8.83,4581000
5/09/2016 16:00,8.86,8.89,8.75,8.82,8333411
5/10/2016 16:00,8.88,9.01,8.79,8.99,6741929
5/11/2016 16:00,9.02,9.12,8.97,9.02,8204441
5/12/2016 16:00,9.08,9.12,8.73,8.89,16763533
5/13/2016 16:00:00,9.8,10.25,9.75,10.25,52756404
5/16/2016 16:00:00,10.17,10.7,10.14,10.55,24325757
5/17/2016 16:00:00,10.5,10.65,10.37,10.57,15709762
5/18/2016 16:00:00,10.5,10.96,10.5,10.84,13526797
5/19/2016 16:00:00,10.8,10.96,10.78,10.89,9971981
5/20/2016 16:00:00,10.96,11.13,10.94,11.08,9777090
5/23/2016 16:00:00,11.13,11.17,11.03,11.1,10340877
5/24/2016 16:00:00,11.11,11.38,11.08,11.34,10394721
5/25/2016 16:00:00,11.38,11.42,11.2,11.29,11469411
5/26/2016 16:00:00,11.31,11.5,11.28,11.41,7749081
5/27/2016 16:00:00,11.43,11.49,11.39,11.48,6935389
5/31/2016 16:00:00,11.53,11.7,11.52,11.68,10313131
6/01/2016 16:00,11.63,11.82,11.59,11.7,9678267
6/02/2016 16:00,11.77,11.89,11.65,11.79,8230202
6/03/2016 16:00,11.67,11.69,11.42,11.62,11526864
6/06/2016 16:00,11.65,11.74,11.5,11.56,8062841
6/07/2016 16:00,11.63,11.7,11.58,11.58,4835017
6/08/2016 16:00,11.59,11.63,11.45,11.55,5865431
6/09/2016 16:00,11.51,11.86,11.48,11.85,11804167
6/10/2016 16:00,11.71,11.81,11.54,11.55,10000592
6/13/2016 16:00:00,11.56,11.92,11.56,11.7,11889674
6/14/2016 16:00:00,11.67,11.78,11.54,11.72,7458639
6/15/2016 16:00:00,11.82,11.94,11.69,11.84,7525868
6/16/2016 16:00:00,11.75,11.91,11.64,11.89,6161428
6/17/2016 16:00:00,11.9,11.91,11.63,11.68,11775048
6/20/2016 16:00:00,11.87,12.04,11.86,11.89,7344230
6/21/2016 16:00:00,11.94,11.97,11.8,11.82,5312661
6/22/2016 16:00:00,11.84,11.92,11.79,11.81,5065516
6/23/2016 16:00:00,11.92,12.14,11.91,12.12,7446994
6/24/2016 16:00:00,11.63,11.84,11.33,11.43,25442111
6/27/2016 16:00:00,11.34,11.43,11.14,11.31,11258487
6/28/2016 16:00:00,11.53,11.54,11.32,11.48,9547980
6/29/2016 16:00:00,11.58,11.75,11.55,11.66,7973264
6/30/2016 16:00:00,11.68,11.83,11.59,11.75,10773475
7/01/2016 16:00,11.69,11.84,11.63,11.67,5462198
7/05/2016 16:00,11.6,11.86,11.51,11.84,9277061
7/06/2016 16:00,11.76,11.98,11.7,11.91,6827594
7/07/2016 16:00,11.99,12.27,11.94,12.22,9884992
7/08/2016 16:00,12.35,12.77,12.31,12.71,12048273
7/11/2016 16:00,12.9,13.1,12.88,13.01,11219437
7/12/2016 16:00,13.15,13.32,12.99,13.2,10919045
7/13/2016 16:00:00,13.23,13.3,13.18,13.2,8115130
7/14/2016 16:00:00,13.27,13.45,13.16,13.33,7922283
7/15/2016 16:00:00,13.16,13.23,12.96,13.18,10715357
7/18/2016 16:00:00,13.34,13.36,13.19,13.24,6324838
7/19/2016 16:00:00,13.24,13.43,13.21,13.38,9566250
7/20/2016 16:00:00,13.43,13.63,13.37,13.56,7411502
7/21/2016 16:00:00,13.53,13.57,13.26,13.31,9032697
7/22/2016 16:00:00,13.35,13.67,13.26,13.67,7894165
7/25/2016 16:00:00,13.75,13.95,13.69,13.92,7813211
7/26/2016 16:00:00,14.04,14.23,14.02,14.16,12862739
7/27/2016 16:00:00,14.28,14.31,13.93,14.02,11166886
7/28/2016 16:00:00,14.05,14.15,14,14.05,5547934
7/29/2016 16:00:00,14.1,14.31,13.85,14.28,10239664
8/01/2016 16:00,14.34,14.39,14.09,14.18,7527970
8/02/2016 16:00,14.25,14.26,13.88,14.01,7068720
8/03/2016 16:00,13.99,14.08,13.92,14.05,7495709
8/04/2016 16:00,14.12,14.37,14.09,14.31,6817803
8/05/2016 16:00,14.47,14.56,14.4,14.55,9289735
8/08/2016 16:00,14.75,14.79,14.53,14.69,7626603
8/09/2016 16:00,14.76,14.87,14.69,14.72,9308559
8/10/2016 16:00,14.85,14.88,14.58,14.63,9393453
8/11/2016 16:00,14.71,14.99,14.68,14.93,17026556
8/12/2016 16:00,15.48,15.85,15.16,15.76,35643642
8/15/2016 16:00:00,15.78,15.87,15.53,15.75,14332617
8/16/2016 16:00:00,15.72,15.75,15.6,15.65,7191345
8/17/2016 16:00:00,15.65,15.69,15.16,15.29,14880304
8/18/2016 16:00:00,15.27,15.55,15.21,15.53,8292095
8/19/2016 16:00:00,15.52,15.68,15.45,15.57,7288978
8/22/2016 16:00:00,15.61,15.65,15.43,15.63,6118683
8/23/2016 16:00:00,15.76,15.83,15.68,15.73,8494058
8/24/2016 16:00:00,15.78,15.79,15.41,15.49,7461244
8/25/2016 16:00:00,15.49,15.5,15.19,15.38,10150783
8/26/2016 16:00:00,15.42,15.6,15.3,15.51,7500624
8/29/2016 16:00:00,15.57,15.63,15.47,15.5,6866279
8/30/2016 16:00:00,15.48,15.56,15.37,15.41,7138622
8/31/2016 16:00:00,15.44,15.48,15.29,15.34,9713642
9/01/2016 16:00,15.35,15.85,15.34,15.79,10712305
9/02/2016 16:00,15.82,15.84,15.46,15.63,8078742
9/06/2016 16:00,15.69,15.78,15.61,15.78,7670320
9/07/2016 16:00,15.73,15.81,15.46,15.55,9949700
9/08/2016 16:00,15.53,15.69,15.36,15.66,7895219
9/09/2016 16:00,15.49,15.58,14.75,14.88,17443966
9/12/2016 16:00,14.68,15.22,14.33,15.19,14956524
9/13/2016 16:00:00,15.15,15.33,14.88,14.97,11794183
9/14/2016 16:00:00,15,15.15,14.88,15.1,7984326
9/15/2016 16:00:00,15.13,15.69,15.09,15.67,12884799
9/16/2016 16:00:00,15.73,15.81,15.53,15.71,22561149
9/19/2016 16:00:00,15.88,16.32,15.8,15.92,10428207
9/20/2016 16:00:00,16.1,16.1,15.69,15.77,8277832
9/21/2016 16:00:00,15.82,16.25,15.82,16.22,8405337
9/22/2016 16:00:00,16.31,16.36,16.16,16.26,7718287
9/23/2016 16:00:00,16.27,16.32,16.17,16.24,6903344
9/26/2016 16:00:00,16.05,16.15,15.88,16.09,5751035
9/27/2016 16:00:00,16.02,16.66,16.02,16.64,10068769
9/28/2016 16:00:00,16.66,16.71,16.48,16.7,7994701
9/29/2016 16:00:00,16.67,16.9,16.51,16.85,8417136
9/30/2016 16:00:00,16.94,17.3,16.84,17.13,10748304
10/03/2016 16:00,17.13,17.38,17.08,17.11,6064853
10/04/2016 16:00,17.14,17.43,16.95,17.08,7040645
10/05/2016 16:00,17.22,17.4,17.01,17.06,7636009
10/06/2016 16:00,16.85,16.96,16.57,16.84,9005317
10/07/2016 16:00,16.95,16.99,16.67,16.71,7156502
10/10/2016 16:00,16.8,16.89,16.62,16.77,7196868
10/11/2016 16:00,16.72,16.75,16.41,16.53,9713476
10/12/2016 16:00,16.47,16.69,16.33,16.61,10498025
10/13/2016 16:00:00,16.41,16.45,15.93,16.34,9752910
10/14/2016 16:00:00,16.54,16.65,16.4,16.5,8265851
10/17/2016 16:00:00,16.5,16.65,16.38,16.4,4883160
10/18/2016 16:00:00,16.63,16.75,16.56,16.65,6734274
10/19/2016 16:00:00,16.54,16.7,16.45,16.62,4976462
10/20/2016 16:00:00,16.81,16.99,16.58,16.93,7802072
10/21/2016 16:00:00,16.87,16.92,16.73,16.89,6987654
10/24/2016 16:00:00,17,17.7,17,17.68,8495946
10/25/2016 16:00:00,17.65,18.08,17.56,17.97,9936532
10/26/2016 16:00:00,17.82,18.24,17.8,18.04,8344781
10/27/2016 16:00:00,18.18,18.21,17.6,17.67,9716622
10/28/2016 16:00:00,17.76,18.02,17.61,17.64,7271374
10/31/2016 16:00:00,17.7,17.91,17.69,17.79,6309718
11/01/2016 16:00,17.86,17.95,17.07,17.26,11830629
11/02/2016 16:00,17.4,17.63,17.16,17.19,7396231
11/03/2016 16:00,17.27,17.29,16.66,16.99,7741593
11/04/2016 16:00,16.88,17.18,16.64,16.89,8219490
11/07/2016 16:00,17.39,17.93,17.38,17.82,12189524
11/08/2016 16:00,17.89,17.94,17.63,17.79,10747107
11/09/2016 16:00,17.31,17.73,17.18,17.49,11413254
11/10/2016 16:00,17.87,17.88,16.69,16.94,21732039
11/11/2016 16:00,19.88,22.19,19.63,21.99,54383633
11/14/2016 16:00:00,22.02,22.05,20.91,20.91,33719913
11/15/2016 16:00:00,21.07,21.86,20.98,21.55,15652258
11/16/2016 16:00:00,21.84,23.14,21.59,22.91,24699644
11/17/2016 16:00:00,23.08,23.7,22.66,23.1,20824744
11/18/2016 16:00:00,23.1,23.58,22.95,23.34,14401499
11/21/2016 16:00:00,23.52,23.59,23.1,23.25,10910868
11/22/2016 16:00:00,23.33,23.43,23.1,23.41,8259232
11/23/2016 16:00:00,23.43,23.81,23.19,23.49,11080857
11/25/2016 16:00:00,23.61,23.78,23.35,23.54,4889078
11/28/2016 16:00:00,23.47,23.69,23.4,23.53,6968370
11/29/2016 16:00:00,23.5,23.61,23.13,23.31,11114187
11/30/2016 16:00:00,23.4,23.54,23.03,23.05,11012545
12/01/2016 16:00,23.03,23.04,21.19,21.91,25888074
12/02/2016 16:00,21.56,22.2,21.28,22.11,11957300
12/05/2016 16:00,22.5,23.15,22.25,22.97,15057125
12/06/2016 16:00,23.05,23.43,22.89,23.35,12469875
12/07/2016 16:00,23.21,23.83,23.03,23.77,12020093
12/08/2016 16:00,23.8,24.16,23.26,23.37,9538602
12/09/2016 16:00,23.55,23.57,22.68,22.96,9557799
12/12/2016 16:00,22.46,22.49,21.89,22.4,15033300
12/13/2016 16:00:00,22.52,23.07,22.51,22.79,9694874
12/14/2016 16:00:00,23.14,24.28,22.89,24.11,24599538
12/15/2016 16:00:00,24.23,24.99,24.15,24.68,18663653
12/16/2016 16:00:00,24.96,25.18,24.43,25.1,27238183
12/19/2016 16:00:00,24.93,25.61,24.75,25.41,18616431
12/20/2016 16:00:00,26.15,26.53,26.03,26.29,21201433
12/21/2016 16:00:00,26.41,26.49,25.93,26.46,14403361
12/22/2016 16:00:00,26.71,27.22,26.63,26.78,17965259
12/23/2016 16:00:00,26.6,27.46,26.57,27.45,16192331
12/27/2016 16:00:00,28.02,29.34,27.81,29.33,29856842
12/28/2016 16:00:00,29.9,29.98,27.17,27.31,57394116
12/29/2016 16:00:00,26.23,27.87,25.7,27.86,54384182
12/30/2016 16:00:00,27.84,27.98,26.58,26.69,30323259
1/03/2017 16:00,26.1,26.59,24.85,25.5,37549876
1/04/2017 16:00,25.85,26.38,25.38,26.1,29980506
1/05/2017 16:00,26.13,26.46,25.26,25.44,24607382
1/06/2017 16:00,25.71,26.06,25.3,25.78,20571416
1/09/2017 16:00,25.88,27,25.88,26.82,22906225
1/10/2017 16:00,26.95,27.3,26.41,26.62,22022969
1/11/2017 16:00,26.5,26.55,26.04,26.29,13141588
1/12/2017 16:00,26.06,26.18,25.41,25.86,15640414
1/13/2017 16:00:00,25.9,26.25,25.77,25.86,11445543
1/17/2017 16:00:00,25.75,25.8,25.14,25.28,14515259
1/18/2017 16:00:00,25.06,25.81,24.78,25.74,16360615
1/19/2017 16:00:00,25.77,26.62,25.75,26.29,16121778
1/20/2017 16:00:00,26.52,26.7,25.78,26,12300557
1/23/2017 16:00:00,25.95,26.48,25.93,26.27,9247639
1/24/2017 16:00:00,26.38,26.9,26.23,26.83,10701271
1/25/2017 16:00:00,27.26,27.33,26.58,26.95,13084499
1/26/2017 16:00:00,26.98,27.49,26.68,27.41,11469970
1/27/2017 16:00:00,27.48,27.97,27.21,27.94,11799929
1/30/2017 16:00:00,27.73,27.75,26.98,27.51,12400084
1/31/2017 16:00:00,27.24,27.51,27.05,27.3,9068865
2/01/2017 16:00,27.65,28.53,27.47,28.49,14750082
2/02/2017 16:00,28.33,28.94,28.02,28.85,12081040
2/03/2017 16:00,28.86,28.98,28.48,28.6,9318633
2/06/2017 16:00,28.5,29.33,28.5,29.33,12669205
2/07/2017 16:00,29.68,30.23,29.48,29.78,18655567
2/08/2017 16:00,29.6,29.83,29.1,29.65,11239487
2/09/2017 16:00,29.72,29.77,28.9,29.1,21064178
2/10/2017 16:00,29.98,30.18,28.15,28.41,41277341
2/13/2017 16:00:00,28.35,28.5,27.05,27.1,29518071
2/14/2017 16:00:00,27,27.54,26.57,27.2,21265787
2/15/2017 16:00:00,27.23,27.45,26.94,27.25,9325512
2/16/2017 16:00:00,27.35,27.36,26.42,26.81,16179386
2/17/2017 16:00:00,26.68,26.85,26.2,26.81,14093465
2/21/2017 16:00:00,27.06,27.81,27.06,27.77,13798783
2/22/2017 16:00:00,27.86,27.95,27.5,27.69,10844256
2/23/2017 16:00:00,26.38,26.6,24.92,25.12,39822213
2/24/2017 16:00:00,24.27,25.5,23.93,25.37,25747597
2/27/2017 16:00:00,25.55,26.26,25.39,26.1,17885019
2/28/2017 16:00:00,26.2,26.3,25.19,25.37,15633968
3/01/2017 16:00,25.95,26.09,25.28,25.7,12620139
3/02/2017 16:00,25.57,25.71,24.72,24.75,18858278
3/03/2017 16:00,24.64,24.69,24.06,24.61,21636424
3/06/2017 16:00,24.24,24.53,23.79,24.42,22089169
3/07/2017 16:00,24.42,24.88,24.29,24.69,15085007
3/08/2017 16:00,25.18,25.33,24.62,24.64,15967822
3/09/2017 16:00,24.48,24.86,24.35,24.64,11951471
3/10/2017 16:00,24.9,25.02,24.6,24.78,12493513
3/13/2017 16:00:00,25.16,25.56,24.88,25.46,19353402
3/14/2017 16:00:00,25.59,25.69,25.12,25.45,13050415
3/15/2017 16:00:00,25.56,25.75,25.08,25.64,15375852
3/16/2017 16:00:00,25.75,25.96,25.6,25.95,13077495
3/17/2017 16:00:00,26.13,26.53,25.95,26.52,27992169
3/20/2017 16:00:00,26.7,27.4,26.53,27.36,18714152
3/21/2017 16:00:00,27.19,27.49,26.4,26.48,22837103
3/22/2017 16:00:00,26.37,27.07,26.33,27.02,15419106
3/23/2017 16:00:00,26.94,27.14,26.68,26.77,13348542
3/24/2017 16:00:00,27.24,27.32,26.61,26.87,10987546
3/27/2017 16:00:00,26.4,27.1,25.89,27.06,12666100
3/28/2017 16:00:00,27.08,27.22,26.82,26.92,10811109
3/29/2017 16:00:00,27,27.12,26.81,26.84,8749791
3/30/2017 16:00:00,26.91,27.5,26.85,27.35,13138349
3/31/2017 16:00:00,27.25,27.47,27.1,27.23,11020165
4/03/2017 16:00,27.24,27.41,26.86,27.1,11130813
4/04/2017 16:00,25.85,26.11,25.09,25.2,31782004
4/05/2017 16:00,25,25.59,24.88,25.01,18676232
4/06/2017 16:00,25.06,25.31,24.6,25.19,15878004
4/07/2017 16:00,25.26,25.43,24.93,25.08,10726650
4/10/2017 16:00,25.09,25.16,24.4,24.44,18908264
4/11/2017 16:00,24.14,24.72,24.09,24.53,15453747
4/12/2017 16:00,24.53,24.68,24.28,24.33,10352296
4/13/2017 16:00:00,24.08,24.3,23.87,23.87,12672345
4/17/2017 16:00:00,24,24.81,23.95,24.81,12432305
4/18/2017 16:00:00,24.66,24.89,24.4,24.82,9252944
4/19/2017 16:00:00,25,25.25,24.85,24.92,9520659
4/20/2017 16:00:00,25.07,25.36,24.85,25.32,10100358
4/21/2017 16:00:00,25.21,25.45,25.09,25.42,8547390
4/24/2017 16:00:00,25.74,25.87,25.53,25.74,9295490
4/25/2017 16:00:00,25.89,26.33,25.67,26.19,9710972
4/26/2017 16:00:00,26.32,26.35,25.99,26.01,8175145
4/27/2017 16:00:00,26.08,26.5,25.9,26.41,7992465
4/28/2017 16:00:00,26.34,26.41,26.02,26.08,8706157
5/01/2017 16:00,26.19,26.71,26.11,26.66,7693333
5/02/2017 16:00,26.39,26.4,25.64,25.87,15749327
5/03/2017 16:00,25.8,26.16,25.65,26.06,8422633
5/04/2017 16:00,26.13,26.24,25.88,25.96,5244692
5/05/2017 16:00,25.85,26.04,25.69,25.97,5710736
5/08/2017 16:00,26.09,26.1,25.58,25.69,9130990
5/09/2017 16:00,25.75,26.23,25.67,25.74,21191792
5/10/2017 16:00,28.57,30.46,28.51,30.32,53227434
5/11/2017 16:00,30.01,32.61,29.98,31.63,48494808
5/12/2017 16:00,31.66,32.4,31.45,31.97,24065459
5/15/2017 16:00:00,32.39,33.6,32.35,33.58,27188548
5/16/2017 16:00:00,34.1,34.36,33.34,34.2,28017471
5/17/2017 16:00:00,33.53,33.72,31.89,31.93,31784158
5/18/2017 16:00:00,32.38,33.36,31.76,33.27,28900757
5/19/2017 16:00:00,34.26,34.56,33.81,34,25459271
5/22/2017 16:00:00,34.44,34.87,34.33,34.73,20915225
5/23/2017 16:00:00,34.92,34.95,33.93,34.26,17031247
5/24/2017 16:00:00,35.24,35.27,34.52,34.64,20434495
5/25/2017 16:00:00,35,35.01,34.11,34.57,15205701
5/26/2017 16:00:00,34.48,36.32,34.28,35.46,19478497
5/30/2017 16:00:00,35.92,36.57,35.76,36.22,24741298
5/31/2017 16:00:00,36.67,36.75,35.51,36.09,22182894
6/01/2017 16:00,36.25,36.26,35.63,36.09,12583467
6/02/2017 16:00,36.06,36.33,35.85,35.91,12186434
6/05/2017 16:00,35.74,37.13,35.63,37,20434442
6/06/2017 16:00,36.96,37.42,36.7,36.84,18968189
6/07/2017 16:00,37.08,37.47,36.92,37.28,15315293
6/08/2017 16:00,38.37,40,37.95,39.99,29043605
6/09/2017 16:00,41.19,42.13,35.69,37.4,92323196
6/12/2017 16:00,36.47,37.92,35.53,37.49,42438280
6/13/2017 16:00:00,38.6,38.69,36.41,37.85,41812580
6/14/2017 16:00:00,37.88,38.52,37.13,37.93,29616036
6/15/2017 16:00:00,36.74,38.4,36.63,38.09,24095612
6/16/2017 16:00:00,38.19,38.67,37.56,37.91,23123950
6/19/2017 16:00:00,38.35,39.38,38.32,39.33,19454439
6/20/2017 16:00:00,39.76,40.44,39.23,39.27,27386086
6/21/2017 16:00:00,39.55,39.91,38.92,39.87,17066279
6/22/2017 16:00:00,39.95,40.09,39.35,39.59,11728324
6/23/2017 16:00:00,39.67,39.83,38.31,38.46,27214702
6/26/2017 16:00:00,38.79,39.15,37.08,38.04,26598996
6/27/2017 16:00:00,37.86,37.95,36.59,36.65,24987313
6/28/2017 16:00:00,37.33,37.99,36.44,37.94,24873679
6/29/2017 16:00:00,37.65,37.68,36.02,36.67,26610631
6/30/2017 16:00:00,36.85,36.98,35.88,36.14,18276526
7/03/2017 16:00,36.26,36.41,34.65,34.83,17726821
7/05/2017 16:00,35.48,36.06,35.28,35.76,20504738
7/06/2017 16:00,35.47,36.34,34.94,35.87,18657132
7/07/2017 16:00,36.45,36.88,36.21,36.69,16374302
7/10/2017 16:00,37.44,38.5,37.17,38.42,23962269
7/11/2017 16:00,38.46,39.05,38.04,38.97,18948883
7/12/2017 16:00,39.58,40.75,39.14,40.63,28630213
7/13/2017 16:00:00,40.75,41.58,39.69,40.16,34228333
7/14/2017 16:00:00,40.32,41.25,40.25,41.24,23548708
7/17/2017 16:00:00,41.58,41.88,40.44,41.06,23269759
7/18/2017 16:00:00,40.45,41.64,40.33,41.49,19415987
7/19/2017 16:00:00,41.58,41.85,41.15,41.28,17176140
7/20/2017 16:00:00,41.48,41.88,40.98,41.88,17489889
7/21/2017 16:00:00,41.67,42.33,41.52,42.03,16208257
7/24/2017 16:00:00,42.1,42.2,41.43,41.54,16313052
7/25/2017 16:00:00,41.31,41.48,40.9,41.34,12413896
7/26/2017 16:00:00,41.92,42.48,41.46,41.82,16010113
7/27/2017 16:00:00,42.07,42.19,39.39,40.44,19571379
7/28/2017 16:00:00,40.07,41.35,39.82,41.1,12833737
7/31/2017 16:00:00,41.24,41.6,40.16,40.63,13991802
8/01/2017 16:00,40.53,41.14,40.25,41.12,10784578
8/02/2017 16:00,41.44,41.48,40.32,41.1,11961082
8/03/2017 16:00,41.09,41.66,40.92,41.62,11060541
8/04/2017 16:00,41.85,42.52,41.62,41.8,14727353
8/07/2017 16:00,42.1,43.09,42,43.09,17935280
8/08/2017 16:00,43.47,43.64,42.18,42.58,18883354
8/09/2017 16:00,42.11,43.05,41.92,43.03,13269623
8/10/2017 16:00,43.04,43.17,41.08,41.19,33202199
8/11/2017 16:00,39.28,39.75,38.23,38.99,37429859
8/14/2017 16:00:00,39.92,42.14,39.8,42.1,31975541
8/15/2017 16:00:00,42.15,42.42,41.4,41.75,19113263
8/16/2017 16:00:00,41.9,42.14,40.96,41.29,14915786
8/17/2017 16:00:00,41.2,41.38,40.35,40.37,13136065
8/18/2017 16:00:00,40.92,41.09,39.91,40.38,15030107
8/21/2017 16:00:00,40.62,40.74,39.34,39.79,15591767
8/22/2017 16:00:00,40.12,40.7,39.93,40.64,11261403
8/23/2017 16:00:00,40.3,41.56,40.21,41.45,14487996
8/24/2017 16:00:00,41.78,41.82,41.03,41.3,11742501
8/25/2017 16:00:00,41.54,41.65,40.89,40.95,8930022
8/28/2017 16:00:00,41.15,41.28,40.58,41.24,9737393
8/29/2017 16:00:00,40.65,41.4,40.57,41.18,8102357
8/30/2017 16:00:00,41.38,41.53,41.07,41.42,9610039
8/31/2017 16:00:00,41.63,42.4,41.55,42.36,15317105
9/01/2017 16:00,42.49,42.98,42.4,42.62,11135787
9/05/2017 16:00,42.1,42.15,40.89,41.48,17417392
9/06/2017 16:00,41.81,41.95,41.1,41.45,9941783
9/07/2017 16:00,41.62,41.97,41.24,41.65,8821702
9/08/2017 16:00,41.53,41.68,40.68,40.92,12471422
9/11/2017 16:00,41.39,42.36,41.33,42.25,14186078
9/12/2017 16:00,42.5,42.5,41.74,42.4,10287203
9/13/2017 16:00:00,42.15,42.89,41.82,42.59,14523973
9/14/2017 16:00:00,42.2,43.14,41.95,42.35,12842837
9/15/2017 16:00:00,43.22,45.03,43.16,45.03,34119764
9/18/2017 16:00:00,46.29,47.8,46.22,46.89,42111516
9/19/2017 16:00:00,46.38,47.46,46.15,46.84,21856994
9/20/2017 16:00:00,46.88,47.36,46.05,46.46,18122991
9/21/2017 16:00:00,45.41,45.68,44.4,45.19,26889994
9/22/2017 16:00:00,45.08,45.58,44.65,44.75,12280771
9/25/2017 16:00:00,44.44,44.45,42.54,42.75,21864476
9/26/2017 16:00:00,44.11,44.67,42.59,42.99,28140511
9/27/2017 16:00:00,43.91,44.07,43.19,43.93,17842967
9/28/2017 16:00:00,44.01,44.05,43.44,43.92,10881065
9/29/2017 16:00:00,44.77,44.93,44.31,44.69,15477293
10/02/2017 16:00,45.2,45.5,44.25,44.75,12586960
10/03/2017 16:00,44.81,45.15,44.4,44.84,9758268
10/04/2017 16:00,44.91,45.44,44.54,45.22,10696220
10/05/2017 16:00,45.47,45.5,44.89,45.19,10934105
10/06/2017 16:00,44.91,45.46,44.75,45.33,7969957
10/09/2017 16:00,45.7,46.68,45.51,46.35,14087272
10/10/2017 16:00,47.86,48.24,46.82,47.23,24371902
10/11/2017 16:00,47.4,47.75,46.94,47.74,13237734
10/12/2017 16:00,47.77,48.27,47.48,47.76,13207315
10/13/2017 16:00:00,48.39,48.75,47.91,48.65,15718233
10/16/2017 16:00:00,48.95,49.51,48.31,49.48,14415958
10/17/2017 16:00:00,49.27,49.73,49.09,49.44,11964867
10/18/2017 16:00:00,49.53,49.54,48.33,49.4,14182907
10/19/2017 16:00:00,48.61,49.5,48.11,49.45,14269253
10/20/2017 16:00:00,49.62,49.9,49.14,49.23,11290462
10/23/2017 16:00:00,49.45,49.71,48.95,49.16,10717376
10/24/2017 16:00:00,49.25,49.69,48.99,49.67,10181132
10/25/2017 16:00:00,49.27,49.81,47.79,48.42,20704030
10/26/2017 16:00:00,48.7,49.04,48.45,48.92,8068563
10/27/2017 16:00:00,49.45,50.47,49.19,50.47,14304835
10/30/2017 16:00:00,50.47,51.52,50.31,50.96,12601417
10/31/2017 16:00:00,51.28,51.97,51.23,51.7,10297707
11/01/2017 16:00,52.34,52.49,51.15,51.8,12564446
11/02/2017 16:00,51.5,51.95,50.91,51.49,8557738
11/03/2017 16:00,51.8,52.17,51.34,52.17,8841024
11/06/2017 16:00,51.8,52.5,51.68,52.41,9748616
11/07/2017 16:00,52.64,53.23,52.51,53.01,10692542
11/08/2017 16:00,52.96,53,51.81,52.29,13074705
11/09/2017 16:00,51.32,51.58,50.09,51.33,24464067
11/10/2017 16:00,53.27,54.67,52.91,54.04,31331374
11/13/2017 16:00:00,54.04,54.29,53,53.16,14559413
11/14/2017 16:00:00,53.25,53.7,52.81,53.55,13232319
11/15/2017 16:00:00,52.99,53,51.95,52.5,12548731
11/16/2017 16:00:00,53.25,53.55,52.81,52.9,11044183
11/17/2017 16:00:00,53.48,53.84,52.69,52.84,12891568
11/20/2017 16:00:00,53,53.64,52.63,53.52,9902511
11/21/2017 16:00:00,53.92,54.13,53.6,54.01,9979358
11/22/2017 16:00:00,54.25,54.25,53.4,53.73,8915998
11/24/2017 13:00:00,53.9,54.25,53.65,54.24,4518800
11/27/2017 16:00:00,54.33,54.34,53.5,53.54,10572364
11/28/2017 16:00:00,53.59,53.68,52.06,52.68,12818804
11/29/2017 16:00:00,52.5,52.53,47.81,49.11,34919741
11/30/2017 16:00:00,49.8,50.67,49.16,50.18,20594199
12/01/2017 16:00,49.83,50.03,48.12,49.42,20288748
12/04/2017 16:00,50.01,50.08,46.13,46.67,31021123
12/05/2017 16:00,45.6,48.18,45.15,46.94,24537194
12/06/2017 16:00,46.43,47.54,46.21,47.32,11675760
12/07/2017 16:00,47.99,48.4,47.53,48,13564988
12/08/2017 16:00,48.5,48.7,47.79,47.87,11671856
12/11/2017 16:00,48.02,48.7,47.86,48.67,9318741
12/12/2017 16:00,48.23,48.46,47.47,47.71,11375445
12/13/2017 16:00:00,48.13,48.14,46.47,46.55,13856992
12/14/2017 16:00:00,46.48,47.34,46.15,46.62,10954056
12/15/2017 16:00:00,47.06,48.1,46.41,47.89,16750878
12/18/2017 16:00:00,48.3,49.51,48,49.48,11942558
12/19/2017 16:00:00,49.38,49.43,48.74,49.03,9327493
12/20/2017 16:00:00,49.43,49.52,48.64,49.2,7220456
12/21/2017 16:00:00,49.24,49.49,48.89,48.97,7522626
12/22/2017 16:00:00,48.6,48.91,47.81,48.82,11656871
12/26/2017 16:00:00,48.26,49.44,47.96,49.36,8877033
12/27/2017 16:00:00,49.23,49.99,49.08,49.29,8237223
12/28/2017 16:00:00,49.53,49.85,49.29,49.35,6006248
12/29/2017 16:00:00,49.62,49.62,48.38,48.38,6999116
1/02/2018 16:00,48.95,49.88,48.63,49.84,8890417
1/03/2018 16:00,51.03,53.43,50.94,53.12,22867591
1/04/2018 16:00,53.94,54.51,53.17,53.4,14581720
1/05/2018 16:00,53.55,54.23,52.77,53.85,14503103
1/08/2018 16:00,55.1,56.25,54.65,55.5,22030422
1/09/2018 16:00,55.56,55.96,54.66,55.49,12424995
1/10/2018 16:00,54.55,55.96,54,55.92,14566626
1/11/2018 16:00,56.25,56.57,55.8,56.02,10150767
1/12/2018 16:00,55.9,56.25,55.34,55.75,8997902
1/16/2018 16:00:00,56.01,56.88,54.17,55.03,17558687
1/17/2018 16:00:00,55.18,56.28,54.23,56.18,13460222
1/18/2018 16:00:00,55.99,56.66,55.67,56.11,10215841
1/19/2018 16:00:00,57.02,57.77,56.75,57.53,15234486
1/22/2018 16:00:00,57.61,58.44,57.03,58.42,13773561
1/23/2018 16:00:00,58.96,59.96,58.78,59.73,11880705
1/24/2018 16:00:00,59.76,60.12,58.39,58.95,14499309
1/25/2018 16:00:00,59.5,59.94,58.94,59.09,10247091
1/26/2018 16:00:00,59.53,60.84,59.4,60.83,12908854
1/29/2018 16:00:00,60.69,62.03,60.15,61.71,11377853
1/30/2018 16:00:00,60.28,61.61,59.6,60.68,14270844
1/31/2018 16:00:00,61.44,62.32,61.11,61.45,11964444
2/01/2018 16:00,59.63,61.73,59.52,60.13,12980572
2/02/2018 16:00,59.25,59.49,57.79,58.38,17961555
2/05/2018 16:00,56.75,58.31,51.25,53.43,29130140
2/06/2018 16:00,51.1,56.43,51,56.4,27870031
2/07/2018 16:00,57.4,58.74,56.68,57.2,20073316
2/08/2018 16:00,58.47,58.81,54.38,54.38,28599976
2/09/2018 16:00,59.56,59.72,54.38,58.02,41865077
2/12/2018 16:00,58.84,58.87,56.26,57.01,27329342
2/13/2018 16:00:00,56.64,58.63,56.31,58.16,15638119
2/14/2018 16:00:00,57.75,60.65,57.64,60.36,18624749
2/15/2018 16:00:00,61.2,62.09,60.38,61.63,17472515
2/16/2018 16:00:00,61.35,62.5,60.87,60.96,15941426
2/20/2018 16:00:00,61.19,62.97,61.15,62.27,17155962
2/21/2018 16:00:00,62.92,62.99,60.34,60.38,22307344
2/22/2018 16:00:00,60.68,61.41,59.88,60.54,13359133
2/23/2018 16:00:00,61.14,61.48,60.63,61.48,10382510
2/26/2018 16:00:00,61.95,62,61.02,61.65,11732844
2/27/2018 16:00:00,61.38,62.23,61.28,61.52,11385899
2/28/2018 16:00:00,61.63,62.03,60.38,60.5,13077878
3/01/2018 16:00,60.48,61.02,57.03,58.05,26002972
3/02/2018 16:00,56.97,59.2,55.46,59.14,22835685
3/05/2018 16:00,58.63,59.31,57.38,58.91,15519413
3/06/2018 16:00,59.78,60.74,59.34,60.54,15920243
3/07/2018 16:00,59.5,60.99,59.49,60.46,14530226
3/08/2018 16:00,60.74,60.74,59.85,60.3,10297761
3/09/2018 16:00,60.78,61.46,60.61,61.33,12638148
3/12/2018 16:00,61.75,63.25,61.67,62.44,15126541
3/13/2018 16:00:00,62.87,63.63,61.51,61.93,15494309
3/14/2018 16:00:00,62.36,62.64,61.56,62.19,12637361
3/15/2018 16:00:00,62.32,63.16,61.91,62.34,10048837
3/16/2018 16:00:00,62.5,62.81,62.12,62.62,9986432
3/19/2018 16:00:00,62.05,62.34,59.25,60.25,17844338
3/20/2018 16:00:00,60.28,62.79,60.28,62.4,13867409
3/21/2018 16:00:00,62.33,63,61.83,62.14,10967216
3/22/2018 16:00:00,61.5,61.97,60.09,60.46,13779919
3/23/2018 16:00:00,60.6,60.67,58.13,58.24,18390461
3/26/2018 16:00:00,59.5,61.13,58.98,61.12,15285640
3/27/2018 16:00:00,61.94,62.5,54.96,56.38,35225012
3/28/2018 16:00:00,56.03,57.35,54.25,55.34,23647648
3/29/2018 16:00:00,56.03,58.88,55.18,57.9,22915692
4/02/2018 16:00,57.19,58.66,54.38,55.26,23052315
4/03/2018 16:00,56.95,57.59,55.34,56.34,16685759
4/04/2018 16:00,53.75,56.67,53.5,56.56,19729161
4/05/2018 16:00,57.15,57.28,54.62,55.35,17530973
4/06/2018 16:00,54.31,55.4,53.27,53.56,16574720
4/09/2018 16:00,54.2,55.49,53.65,53.85,12488120
4/10/2018 16:00,56.18,57.25,55.6,56.98,19118807
4/11/2018 16:00,56.83,57.24,56.23,56.56,11506057
4/12/2018 16:00,57.5,58.83,57.05,58.65,14847950
4/13/2018 16:00:00,59.29,59.38,57.39,57.88,12575892
4/16/2018 16:00:00,57.94,58.21,56.92,57.87,8769776
4/17/2018 16:00:00,58.4,59.6,57.84,59.39,11180638
4/18/2018 16:00:00,58.88,59.81,58.19,59.09,9784058
4/19/2018 16:00:00,57.94,58.28,56.7,57.26,11799933
4/20/2018 16:00:00,57.17,58.03,56.86,57.18,9654966
4/23/2018 16:00:00,57.36,57.88,55.71,55.97,10687723
4/24/2018 16:00:00,56.23,57.2,54.64,55.3,10364894
4/25/2018 16:00:00,55,55.39,52.58,54.17,14712343
4/26/2018 16:00:00,55.8,56.39,55.13,56.31,9395574
4/27/2018 16:00:00,57.38,57.58,56.16,56.58,10021245
4/30/2018 16:00:00,56.75,57.25,56.03,56.23,8196067
5/01/2018 16:00,56.14,56.81,55.55,56.79,6344727
5/02/2018 16:00,56.75,57.2,56.31,56.58,6706185
5/03/2018 16:00,56.9,58.51,56.44,58.25,11078640
5/04/2018 16:00,57.96,59.8,57.78,59.77,10016538
5/07/2018 16:00,60.82,62.75,60.72,62.17,17190378
5/08/2018 16:00,62.17,62.63,61.68,62.6,12665374
5/09/2018 16:00,62.8,63.97,62.53,63.95,14918980
5/10/2018 16:00,64.48,65.13,64.3,65.03,24852029
5/11/2018 16:00,63.2,64.95,62.64,63.63,30361406
5/14/2018 16:00:00,64.02,64.62,63.6,63.84,13078477
5/15/2018 16:00:00,63.2,63.23,60.38,61.39,24088210
5/16/2018 16:00:00,61,62.13,60.63,61.5,13845706
5/17/2018 16:00:00,61.52,62.88,61.36,61.93,12994605
5/18/2018 16:00:00,62.45,63.09,61.44,61.49,12092942
5/21/2018 16:00:00,62.47,62.51,60.12,61.06,16015620
5/22/2018 16:00:00,61.2,61.45,60.06,60.68,12956637
5/23/2018 16:00:00,60.07,61.9,60.06,61.89,11073926
5/24/2018 16:00:00,61.85,62.35,61.31,61.92,10934295
5/25/2018 16:00:00,62.05,62.49,61.69,62.32,7302782
5/29/2018 16:00:00,62.14,62.84,61.68,62.15,8817083
5/30/2018 16:00:00,62.49,63.34,62.24,63.25,9774864
5/31/2018 16:00:00,62.93,63.8,62.82,63.05,12346709
6/01/2018 16:00,63.5,64.47,63.41,64.41,10549248
6/04/2018 16:00,64.75,66.44,64.43,66.21,16050641
6/05/2018 16:00,66.25,66.65,65.79,66.27,9792801
6/06/2018 16:00,65.36,66.32,65.19,66.29,9283856
6/07/2018 16:00,66.25,66.37,64.81,65.72,9236216
6/08/2018 16:00,64.99,66,64.8,65.57,9011443
6/11/2018 16:00,65.44,65.86,65.03,65.16,6634253
6/12/2018 16:00,65.42,65.77,64.92,65.65,7978985
6/13/2018 16:00:00,65.66,66.42,65.51,65.6,8455159
6/14/2018 16:00:00,66.06,67.3,65.91,66.73,10750411
6/15/2018 16:00:00,66.15,66.87,65.84,66.32,10806488
6/18/2018 16:00:00,65.87,66.45,65.6,66.27,8906674
6/19/2018 16:00:00,65.23,65.91,63.76,65.04,14873324
6/20/2018 16:00:00,65.46,66.11,65.07,65.58,9244494
6/21/2018 16:00:00,65.9,66.08,64.2,64.28,8987906
6/22/2018 16:00:00,64.49,64.62,62.58,62.74,10853954
6/25/2018 16:00:00,61.66,61.7,58.89,59.78,16645431
6/26/2018 16:00:00,60.93,61.41,59.98,60.5,11972137
6/27/2018 16:00:00,60.94,61.61,58.88,58.93,11347303
6/28/2018 16:00:00,58.83,60.34,58.75,60.22,8450297
6/29/2018 16:00:00,60.87,61,59.21,59.23,9807477
7/02/2018 16:00,58.52,60.6,58.32,60.56,8939348
7/03/2018 13:00,60.91,60.97,59.13,59.21,5568325
7/05/2018 16:00,59.77,60.73,59.38,60.68,7655448
7/06/2018 16:00,60.44,61.92,60.22,61.83,7408822
7/09/2018 16:00,62.58,62.68,61.52,62.31,7597022
7/10/2018 16:00,62.44,63.54,62.03,63.31,9000390
7/11/2018 16:00,62.38,62.73,61.78,61.88,9187660
7/12/2018 16:00,62.34,63.29,62.24,62.81,8637673
7/13/2018 16:00:00,63,63,61.91,62.33,6179078
7/16/2018 16:00:00,62.05,62.59,61.93,62.05,4925926
7/17/2018 16:00:00,61.55,63.58,61.3,63.42,9053395
7/18/2018 16:00:00,63.35,63.49,62.41,62.93,6941041
7/19/2018 16:00:00,62.74,63.35,62.58,63.01,5893783
7/20/2018 16:00:00,62.98,63.38,62.61,62.72,5562161
7/23/2018 16:00:00,62.46,62.47,60.82,62.35,7539621
7/24/2018 16:00:00,62.84,63.71,62,62.18,8865545
7/25/2018 16:00:00,62.27,63.1,61.69,62.97,8004551
7/26/2018 16:00:00,62.77,64.08,62.6,63.71,8128128
7/27/2018 16:00:00,64.08,64.15,62.46,63.01,7385535
7/30/2018 16:00:00,63.15,63.21,60.68,61.03,8508539
7/31/2018 16:00:00,60.93,61.97,60.54,61.22,7099696
8/01/2018 16:00,61.53,62.09,60.97,61.62,7088889
8/02/2018 16:00,60.9,62.7,60.3,62.66,6741689
8/03/2018 16:00,62.9,63.27,62.73,63.03,5357202
8/06/2018 16:00,62.9,63.54,62.43,63.51,5187665
8/07/2018 16:00,64,64.43,63.73,64.24,6453260
8/08/2018 16:00,64.25,65.06,63.9,64.61,6552462
8/09/2018 16:00,64.79,64.81,64.04,64.11,5106962
8/10/2018 16:00,63.29,64.03,63.18,63.7,6415668
8/13/2018 16:00:00,63.79,65.25,63.77,64.03,9380158
8/14/2018 16:00:00,65.1,65.5,64.26,65.36,11655486
8/15/2018 16:00:00,65.57,65.91,63.98,64.77,14778394
8/16/2018 16:00:00,65.47,65.5,63.75,64.36,20031476
8/17/2018 16:00:00,63.24,63.24,60.93,61.21,28579694
8/20/2018 16:00:00,60.8,63.3,59.68,61.96,21359655
8/21/2018 16:00:00,62.13,63.38,61.93,63.33,16849710
8/22/2018 16:00:00,63,65.76,62.97,65.71,18746422
8/23/2018 16:00:00,65.32,67.37,65.18,66.71,18017114
8/24/2018 16:00:00,66.8,68.2,66.75,68.06,13287762
8/27/2018 16:00:00,68.36,69.72,68.04,68.97,12644437
8/28/2018 16:00:00,68.92,69.15,67.38,68.6,11884595
8/29/2018 16:00:00,68.48,69.88,68.27,69.62,10502741
8/30/2018 16:00:00,69.31,70.43,69.08,69.45,8665230
8/31/2018 16:00:00,69.25,70.3,69.15,70.17,7664750
9/04/2018 16:00,70.04,71.31,69.75,70.93,9793027
9/05/2018 16:00,70.75,71.11,68.79,69.61,9828919
9/06/2018 16:00,69.44,69.47,67.85,68.18,8069889
9/07/2018 16:00,67.25,69.23,66.8,67.97,7385468
9/10/2018 16:00,68.19,68.98,67.75,68.68,5503457
9/11/2018 16:00,68.22,69.1,68.01,68.2,6077818
9/12/2018 16:00,67.8,68,65.48,67.05,10477259
9/13/2018 16:00:00,67.72,68.75,67.54,67.83,7638387
9/14/2018 16:00:00,68.75,69.78,68.38,69.11,9673380
9/17/2018 16:00:00,68.85,69.35,68.29,68.48,5138189
9/18/2018 16:00:00,68.52,69.56,67.69,67.76,7488023
9/19/2018 16:00:00,67.57,68.17,67.06,68,5621465
9/20/2018 16:00:00,66.76,67.19,66.03,66.57,10764569
9/21/2018 16:00:00,66.69,67.15,65.53,65.86,10878157
9/24/2018 16:00:00,65.55,66.46,64.67,66.43,7347826
9/25/2018 16:00:00,67.09,67.36,66.23,67.1,7009746
9/26/2018 16:00:00,67.15,67.56,66.57,66.73,6713688
9/27/2018 16:00:00,67.08,67.3,66.53,66.85,5360717
9/28/2018 16:00:00,68.18,70.48,67.9,70.26,17734914
10/01/2018 16:00,71.04,73.02,70.65,72.34,15551453
10/02/2018 16:00,72.06,73.19,71.4,71.62,9599118
10/03/2018 16:00,72.33,72.41,70.63,71.68,8013769
10/04/2018 16:00,71.32,71.56,69.05,69.82,9780489
10/05/2018 16:00,69.57,70.2,66.89,67.47,10665861
10/08/2018 16:00,66.63,67.79,65.02,66.44,10215265
10/09/2018 16:00,66.24,67.19,65.7,66.39,6837493
10/10/2018 16:00,65.32,65.78,61.4,61.42,17123454
10/11/2018 16:00,60.54,61.89,58.57,58.78,18135929
10/12/2018 16:00,61.38,62.39,59.91,61.64,15205917
10/15/2018 16:00:00,61.5,61.5,58.84,58.85,11244032
10/16/2018 16:00:00,59.98,61.57,59.49,61.46,10217795
10/17/2018 16:00:00,62.09,62.47,60.27,60.77,8241701
10/18/2018 16:00:00,61.47,61.85,59.27,59.88,13100548
10/19/2018 16:00:00,60.44,60.64,56.93,57.29,15340249
10/22/2018 16:00:00,57.82,58.83,56.77,57.81,9221091
10/23/2018 16:00:00,55.11,56.05,54.18,55.27,15660945
10/24/2018 16:00:00,54.88,55.35,49.71,49.85,22107199
10/25/2018 16:00:00,48.87,52.44,48.42,51.96,23793040
10/26/2018 16:00:00,49.58,51.21,48.28,49.57,16619628
10/29/2018 16:00:00,51,51.03,44,46.41,18950441
10/30/2018 16:00:00,46.64,50.85,46.41,50.75,20179768
10/31/2018 16:00:00,52.41,53.15,51,52.71,18644304
11/01/2018 16:00,53.08,54.62,51.8,54.53,14163208
11/02/2018 16:00,54.43,55.5,52.55,53.73,11324002
11/05/2018 16:00,53.6,53.83,51.32,52.94,9483260
11/06/2018 16:00,52.86,53.71,52.39,52.77,7475259
11/07/2018 16:00,53.44,54.35,52.8,53.45,12095301
11/08/2018 16:00,52.85,52.86,50.96,51.5,12783823
11/09/2018 16:00,50.6,52.33,50.26,51.42,10331049
11/12/2018 16:00,50.5,50.72,47.17,47.39,15427947
11/13/2018 16:00:00,48.37,51.05,48.31,49.83,16117775
11/14/2018 16:00:00,51.58,51.72,48.21,49.3,13164471
11/15/2018 16:00:00,49.24,51.33,48.88,50.6,21017716
11/16/2018 16:00:00,40.83,42.67,40.4,41.11,49087977
11/19/2018 16:00:00,40.45,40.46,36.16,36.17,42445505
11/20/2018 16:00:00,33.52,38.57,33.33,37.27,42300828
11/21/2018 16:00:00,38.66,38.83,35.9,36.18,25637350
11/23/2018 13:00:00,35.83,37.4,35.7,36.25,10299211
11/26/2018 16:00:00,37.47,38.37,36.64,38.26,20370806
11/27/2018 16:00:00,38,39.25,37.64,38.43,18451506
11/28/2018 16:00:00,39.62,40.07,38.28,40.02,20113137
11/29/2018 16:00:00,40,40.38,39.03,39.34,13729340
11/30/2018 16:00:00,39.44,40.96,38.93,40.86,18239114
12/03/2018 16:00,43.15,43.67,41.84,42.51,22270109
12/04/2018 16:00,42.06,42.11,39.13,39.28,20302787
12/06/2018 16:00,37.86,39.62,37.7,39.57,17307741
12/07/2018 16:00,39.62,39.72,36.4,36.9,17041949
12/10/2018 16:00,36.45,38.21,36.41,37.97,15736835
12/11/2018 16:00,38.89,38.97,36.25,37.05,16797832
12/12/2018 16:00,37.1,38.2,36.21,37.23,16353398
12/13/2018 16:00:00,37.7,38.35,36.86,37.22,11784624
12/14/2018 16:00:00,36.8,37.65,36.38,36.61,11795531
12/17/2018 16:00:00,36.31,37.04,35.31,35.9,16571683
12/18/2018 16:00:00,36.34,37.58,36.06,36.74,14109251
12/19/2018 16:00:00,36.4,36.94,34.11,34.63,18634147
12/20/2018 16:00:00,34.54,35.45,33.17,33.78,18739697
12/21/2018 16:00:00,34.04,34.38,32.12,32.39,21593525
12/24/2018 13:00:00,31.62,32.49,31.13,31.77,11595978
12/26/2018 16:00:00,32.24,33.28,31.12,33.28,17377484
12/27/2018 16:00:00,32.75,33.1,31.3,32.79,15926080
12/28/2018 16:00:00,33,34.35,32.58,33.41,15712319
12/31/2018 16:00:00,33.85,34.18,33.07,33.38,11628503
1/02/2019 16:00,32.66,34.62,32.51,34.06,12718840
1/03/2019 16:00,33.45,33.79,31.92,32,17638786
1/04/2019 16:00,32.74,34.43,32.42,34.05,14640483
1/07/2019 16:00,34.63,36.22,34.11,35.85,17728980
1/08/2019 16:00,36.67,36.7,34.23,34.96,19650429
1/09/2019 16:00,35.48,36.12,34.97,35.65,15431475
1/10/2019 16:00,35.45,36.4,34.84,36.31,13078906
1/11/2019 16:00,36.08,37.44,35.8,37.21,21869066
1/14/2019 16:00:00,36.68,37.87,36.44,37.61,18254249
1/15/2019 16:00:00,37.94,38.34,37.28,37.47,15425251
1/16/2019 16:00:00,37.74,38.08,37.15,37.21,11752592
1/17/2019 16:00:00,36.88,38.33,36.6,37.93,12335905
1/18/2019 16:00:00,38.43,39.49,37.91,39.23,16283423
1/22/2019 16:00:00,38.93,39.05,36.89,37.19,16538776
1/23/2019 16:00:00,37.75,38.65,37.01,37.32,14775545
1/24/2019 16:00:00,38.17,39.64,38.13,39.46,17724261
1/25/2019 16:00:00,38.86,40.22,37.83,40.04,28880547
1/28/2019 16:00:00,34.14,35.41,32.75,34.5,62788169
1/29/2019 16:00:00,34.04,34.53,32.75,32.9,28848347
1/30/2019 16:00:00,33.67,34.49,32.87,34.35,24355739
1/31/2019 16:00:00,34.32,36.3,34.1,35.94,21071338
2/01/2019 16:00,36.13,36.7,35.65,36.18,15626175
2/04/2019 16:00,36.34,37.67,36.12,37.3,13215018
2/05/2019 16:00,37.42,37.86,37.08,37.49,13560625
2/06/2019 16:00,37.82,38.9,37.77,38.25,17561647
2/07/2019 16:00,37.78,37.81,36.42,36.85,15928000
2/08/2019 16:00,36.18,37.15,36.03,37.04,11540137
2/11/2019 16:00,36.6,37.15,36.13,36.61,12379515
2/12/2019 16:00,37,37.95,36.85,37.79,14776513
2/13/2019 16:00:00,38.09,38.96,37.95,38.22,15134302
2/14/2019 16:00:00,38.21,38.92,37.78,38.63,20681574
2/15/2019 16:00:00,40.74,40.97,39.1,39.34,37918734
2/19/2019 16:00:00,39.23,39.97,39.03,39.16,13797316
2/20/2019 16:00:00,39.46,40.32,39.34,39.64,13524737
2/21/2019 16:00:00,39.77,40.01,38.8,38.94,11213668
2/22/2019 16:00:00,39.47,39.99,39.33,39.8,10043531
2/25/2019 16:00:00,40.64,41.32,39.59,39.67,16400481
2/26/2019 16:00:00,39.63,40.19,38.94,39.28,12211571
2/27/2019 16:00:00,39.13,39.4,38.28,38.85,12506381
2/28/2019 16:00:00,38.75,38.98,38.34,38.57,8123565
3/01/2019 16:00,39.07,39.54,38.48,39.11,8929678
3/04/2019 16:00,39.5,39.73,38.63,39.2,10249750
3/05/2019 16:00,39.04,39.51,38.49,39.13,9073119
3/06/2019 16:00,39.04,39.13,37.99,38.01,10088149
3/07/2019 16:00,37.78,37.87,36.85,37.32,11252633
3/08/2019 16:00,36.42,37.77,36.2,37.66,10560371
3/11/2019 16:00,37.9,40.52,37.42,40.28,21493150
3/12/2019 16:00,40.57,41.1,39.8,40.63,14489368
3/13/2019 16:00:00,41.01,42.45,40.93,42.16,19222518
3/14/2019 16:00:00,42.25,42.37,41.31,41.39,12984630
3/15/2019 16:00:00,41.83,42.88,41.79,42.45,16536482
3/18/2019 16:00:00,42.77,43.31,41.96,42.24,12174829
3/19/2019 16:00:00,43.19,44.38,43.02,43.93,21374310
3/20/2019 16:00:00,44.22,44.76,43.25,43.6,17978715
3/21/2019 16:00:00,43.83,46.25,43.78,45.99,20607767
3/22/2019 16:00:00,45.71,46.2,44.24,44.38,18691087
3/25/2019 16:00:00,43.97,44.61,42.78,43.45,13130301
3/26/2019 16:00:00,44.87,45.44,43.65,44.22,17587678
3/27/2019 16:00:00,44.48,44.94,43.43,44.13,11859294
3/28/2019 16:00:00,44.39,44.98,43.78,44.31,12006602
3/29/2019 16:00:00,44.99,45.14,44.48,44.89,11422379
4/01/2019 16:00,45.82,45.88,45.09,45.57,12095612
4/02/2019 16:00,45.81,46.2,45.38,45.75,11022996
4/03/2019 16:00,46.25,47.75,46.2,47.16,19719468
4/04/2019 16:00,47,47.49,46.43,47.07,11434419
4/05/2019 16:00,47.5,47.91,47.13,47.74,12043649
4/08/2019 16:00,47.43,48.2,47.19,47.95,10604848
4/09/2019 16:00,47.61,47.72,46.89,47.32,10999320
4/10/2019 16:00,47.31,48.29,47.26,48.03,11119307
4/11/2019 16:00,48.05,48.37,47.39,47.89,9365037
4/12/2019 16:00,48.28,48.32,47.42,47.5,11792664
4/15/2019 16:00:00,47.43,47.48,45.78,46.18,11002345
4/16/2019 16:00:00,46.57,47.24,46.24,47.05,9874091
4/17/2019 16:00:00,47.41,47.62,46.6,46.82,8775068
4/18/2019 16:00:00,46.89,47.23,46.3,46.58,9524704
